-- phpMyAdmin SQL Dump
-- version 5.0.4
-- https://www.phpmyadmin.net/
--
-- Host: 127.0.0.1
-- Generation Time: Jan 03, 2021 at 07:15 AM
-- Server version: 10.4.16-MariaDB
-- PHP Version: 7.4.12

SET SQL_MODE = "NO_AUTO_VALUE_ON_ZERO";
START TRANSACTION;
SET time_zone = "+00:00";


/*!40101 SET @OLD_CHARACTER_SET_CLIENT=@@CHARACTER_SET_CLIENT */;
/*!40101 SET @OLD_CHARACTER_SET_RESULTS=@@CHARACTER_SET_RESULTS */;
/*!40101 SET @OLD_COLLATION_CONNECTION=@@COLLATION_CONNECTION */;
/*!40101 SET NAMES utf8mb4 */;

--
-- Database: `ecommerce`
--

DELIMITER $$
--
-- Procedures
--
CREATE DEFINER=`root`@`localhost` PROCEDURE `getcat` (IN `cid` INT)  SELECT * FROM categories WHERE cat_id=cid$$

DELIMITER ;

-- --------------------------------------------------------

--
-- Table structure for table `admin_info`
--

CREATE TABLE `admin_info` (
  `admin_id` int(10) NOT NULL,
  `admin_name` varchar(100) NOT NULL,
  `admin_email` varchar(300) NOT NULL,
  `admin_password` varchar(300) NOT NULL
) ENGINE=InnoDB DEFAULT CHARSET=latin1;

--
-- Dumping data for table `admin_info`
--

INSERT INTO `admin_info` (`admin_id`, `admin_name`, `admin_email`, `admin_password`) VALUES
(1, 'admin', 'admin@gmail.com', 'admin'),
(2, 'sid', 'sid@gmail.com', '8777852961');

-- --------------------------------------------------------

--
-- Table structure for table `brands`
--

CREATE TABLE `brands` (
  `brand_id` int(100) NOT NULL,
  `brand_title` text NOT NULL
) ENGINE=InnoDB DEFAULT CHARSET=latin1;

--
-- Dumping data for table `brands`
--

INSERT INTO `brands` (`brand_id`, `brand_title`) VALUES
(1, 'HP'),
(2, 'Samsung'),
(3, 'Apple'),
(4, 'motorolla'),
(5, 'LG');

-- --------------------------------------------------------

--
-- Table structure for table `cart`
--

CREATE TABLE `cart` (
  `id` int(10) NOT NULL,
  `p_id` int(10) NOT NULL,
  `ip_add` varchar(250) NOT NULL,
  `user_id` int(10) DEFAULT NULL,
  `qty` int(10) NOT NULL
) ENGINE=InnoDB DEFAULT CHARSET=latin1;

-- --------------------------------------------------------

--
-- Table structure for table `categories`
--

CREATE TABLE `categories` (
  `cat_id` int(100) NOT NULL,
  `cat_title` text NOT NULL
) ENGINE=InnoDB DEFAULT CHARSET=latin1;

--
-- Dumping data for table `categories`
--

INSERT INTO `categories` (`cat_id`, `cat_title`) VALUES
(1, 'Electronics'),
(2, 'Home Appliances'),
(3, 'Electronics Gadgets');

-- --------------------------------------------------------

--
-- Table structure for table `email_info`
--

CREATE TABLE `email_info` (
  `email_id` int(100) NOT NULL,
  `email` text NOT NULL
) ENGINE=InnoDB DEFAULT CHARSET=latin1;

--
-- Dumping data for table `email_info`
--

INSERT INTO `email_info` (`email_id`, `email`) VALUES
(3, 'admin@gmail.com'),
(5, 'person@gmail.com'),
(6, 'sidhudevil50@gmail.com');

-- --------------------------------------------------------

--
-- Table structure for table `orders_info`
--

CREATE TABLE `orders_info` (
  `order_id` int(10) NOT NULL,
  `user_id` int(11) NOT NULL,
  `f_name` varchar(255) NOT NULL,
  `email` varchar(255) NOT NULL,
  `address` varchar(255) NOT NULL,
  `city` varchar(255) NOT NULL,
  `state` varchar(255) NOT NULL,
  `zip` int(10) NOT NULL,
  `cardname` varchar(255) NOT NULL,
  `cardnumber` varchar(20) NOT NULL,
  `expdate` varchar(255) NOT NULL,
  `prod_count` int(15) DEFAULT NULL,
  `total_amt` int(15) DEFAULT NULL,
  `cvv` int(5) NOT NULL
) ENGINE=InnoDB DEFAULT CHARSET=latin1;

--
-- Dumping data for table `orders_info`
--

INSERT INTO `orders_info` (`order_id`, `user_id`, `f_name`, `email`, `address`, `city`, `state`, `zip`, `cardname`, `cardnumber`, `expdate`, `prod_count`, `total_amt`, `cvv`) VALUES
(1, 12, 'unknown', 'person@gmail.com', 'Bangalore, Kumbalagodu, Karnataka', 'Bangalore', 'Karnataka', 560074, 'pokjhgfcxc', '4321 2345 6788 7654', '12/90', 3, 77000, 1234),
(2, 26, 'siddhanth das', 'sid50@gmail.com', 'durganagar', 'north dum dum', 'west bengal', 700079, 'sid das', '123443211234', '12/22', 2, 30000, 312),
(3, 12, 'unknown person', 'person@gmail.com', '123456789', 'kumbalagodu', 'wb', 700079, 'sid das', '123412341234', '12/21', 7, 103000, 123),
(4, 29, 'ajsdhabs jskbdfkhbas', 'kab@gmail.com', 'gsvadjgvajd', 'ajsgdvajhsv', 'wb', 700079, 'sdfsdfs', '124123124124124', '11/23', 2, 10999, 123),
(5, 29, 'ajsdhabs jskbdfkhbas', 'kab@gmail.com', 'gsvadjgvajd', 'ajsgdvajhsv', 'wb', 700079, 'sid das', '123123123123123', '12/23', 4, 56000, 123);

-- --------------------------------------------------------

--
-- Table structure for table `order_products`
--

CREATE TABLE `order_products` (
  `order_pro_id` int(10) NOT NULL,
  `order_id` int(11) NOT NULL,
  `product_id` int(11) NOT NULL,
  `qty` int(15) DEFAULT NULL,
  `amt` int(15) DEFAULT NULL
) ENGINE=InnoDB DEFAULT CHARSET=latin1;

--
-- Dumping data for table `order_products`
--

INSERT INTO `order_products` (`order_pro_id`, `order_id`, `product_id`, `qty`, `amt`) VALUES
(73, 1, 1, 1, 5000),
(74, 1, 4, 2, 64000),
(75, 1, 8, 1, 40000),
(91, 2, 1, 1, 5000),
(92, 2, 2, 1, 25000),
(93, 3, 1, 1, 5000),
(94, 3, 4, 1, 32000),
(95, 3, 8, 1, 40000),
(96, 3, 38, 1, 3500),
(97, 3, 34, 1, 1000),
(98, 3, 36, 1, 1500),
(99, 3, 37, 1, 20000),
(100, 4, 75, 1, 5500),
(101, 4, 77, 1, 5499),
(102, 5, 74, 1, 5500),
(103, 5, 75, 1, 5500),
(104, 5, 1, 1, 5000),
(105, 5, 8, 1, 40000);

-- --------------------------------------------------------

--
-- Table structure for table `products`
--

CREATE TABLE `products` (
  `product_id` int(100) NOT NULL,
  `product_cat` int(100) NOT NULL,
  `product_brand` int(100) NOT NULL,
  `product_title` varchar(255) NOT NULL,
  `product_price` int(100) NOT NULL,
  `product_desc` text NOT NULL,
  `product_image` text NOT NULL,
  `product_keywords` text NOT NULL
) ENGINE=InnoDB DEFAULT CHARSET=latin1;

--
-- Dumping data for table `products`
--

INSERT INTO `products` (`product_id`, `product_cat`, `product_brand`, `product_title`, `product_price`, `product_desc`, `product_image`, `product_keywords`) VALUES
(1, 1, 2, 'Samsung galaxy s7 edge', 5000, 'Samsung galaxy s7 edge', 'product07.png', 'samsung mobile electronics'),
(2, 1, 3, 'iPhone 5s', 25000, 'iphone 5s', 'http___pluspng.com_img-png_iphone-hd-png-iphone-apple-png-file-550.png', 'mobile iphone apple'),
(3, 1, 3, 'iPad air 2', 30000, 'ipad apple brand', 'da4371ffa192a115f922b1c0dff88193.png', 'apple ipad tablet'),
(4, 1, 3, 'iPhone 6s', 32000, 'Apple iPhone ', 'http___pluspng.com_img-png_iphone-6s-png-iphone-6s-gold-64gb-1000.png', 'iphone apple mobile'),
(5, 1, 2, 'iPad 2', 10000, 'samsung ipad', 'iPad-air.png', 'ipad tablet samsung'),
(6, 1, 1, 'samsung Laptop r series', 35000, 'samsung Black combination Laptop', 'laptop_PNG5939.png', 'samsung laptop '),
(7, 1, 1, 'Laptop Pavillion', 50000, 'Laptop Hp Pavillion', 'laptop_PNG5930.png', 'Laptop Hp Pavillion'),
(8, 1, 4, 'Sony', 40000, 'Sony Mobile', '530201353846AM_635_sony_xperia_z.png', 'sony mobile'),
(9, 1, 3, 'iPhone New', 12000, 'iphone', 'iphone-hd-png-iphone-apple-png-file-550.png', 'iphone apple mobile'),
(33, 2, 2, 'Refrigerator', 35000, 'Refrigerator', 'CT_WM_BTS-BTC-AppliancesHome_20150723.jpg', 'refrigerator samsung'),
(34, 2, 4, 'Emergency Light', 1000, 'Emergency Light', 'emergency light.JPG', 'emergency light'),
(35, 2, 0, 'Vaccum Cleaner', 6000, 'Vaccum Cleaner', 'images (2).jpg', 'Vaccum Cleaner'),
(36, 2, 5, 'Iron', 1500, 'gj', 'iron.JPG', 'iron'),
(37, 2, 5, 'LED TV', 20000, 'LED TV', 'images (4).jpg', 'led tv lg'),
(38, 2, 4, 'Microwave Oven', 3500, 'Microwave Oven', 'images.jpg', 'Microwave Oven'),
(45, 1, 2, 'Samsung Galaxy Note 3', 10000, '0', 'samsung_galaxy_note3_note3neo.JPG', 'samsung galaxy Note 3 neo'),
(46, 1, 2, 'Samsung Galaxy Note 3', 10000, '', 'samsung_galaxy_note3_note3neo.JPG', 'samsung galxaxy note 3 neo'),
(48, 1, 7, 'Headphones', 250, 'Headphones', 'product05.png', 'Headphones Sony'),
(49, 1, 7, 'Headphones', 250, 'Headphones', 'product05.png', 'Headphones Sony'),
(71, 1, 2, 'Samsung galaxy s7', 5000, 'Samsung galaxy s7', 'product07.png', 'samsung mobile electronics'),
(72, 3, 2, 'sony Headphones', 3500, 'sony Headphones', 'product02.png', 'sony Headphones electronics gadgets'),
(73, 3, 2, 'samsung Headphones', 3500, 'samsung Headphones', 'product05.png', 'samsung Headphones electronics gadgets'),
(74, 1, 1, 'HP i5 laptop', 5500, 'HP i5 laptop', 'product01.png', 'HP i5 laptop electronics'),
(75, 1, 1, 'HP i7 laptop 8gb ram', 5500, 'HP i7 laptop 8gb ram', 'product03.png', 'HP i7 laptop 8gb ram electronics'),
(76, 1, 5, 'sony note 6gb ram', 4500, 'sony note 6gb ram', 'product04.png', 'sony note 6gb ram mobile electronics'),
(77, 1, 4, 'MSV laptop 16gb ram NVIDEA Graphics', 5499, 'MSV laptop 16gb ram', 'product06.png', 'MSV laptop 16gb ram NVIDEA Graphics electronics'),
(78, 1, 5, 'dell laptop 8gb ram intel integerated Graphics', 4579, 'dell laptop 8gb ram intel integerated Graphics', 'product08.png', 'dell laptop 8gb ram intel integerated Graphics electronics'),
(79, 3, 2, 'camera with 3D pixels', 2569, 'camera with 3D pixels', 'product09.png', 'camera with 3D pixels camera electronics gadgets');

-- --------------------------------------------------------

--
-- Table structure for table `user_info`
--

CREATE TABLE `user_info` (
  `user_id` int(10) NOT NULL,
  `first_name` varchar(100) NOT NULL,
  `last_name` varchar(100) NOT NULL,
  `email` varchar(300) NOT NULL,
  `password` varchar(300) NOT NULL,
  `mobile` varchar(10) NOT NULL,
  `address1` varchar(300) NOT NULL,
  `address2` varchar(11) NOT NULL
) ENGINE=InnoDB DEFAULT CHARSET=latin1;

--
-- Dumping data for table `user_info`
--

INSERT INTO `user_info` (`user_id`, `first_name`, `last_name`, `email`, `password`, `mobile`, `address1`, `address2`) VALUES
(12, 'unknown', 'person', 'person@gmail.com', '12345678', '9448121558', '123456789', 'kumbalagodu'),
(24, 'new', 'user', 'user@gmail.com', '12345678', '9535688928', 'Bangalore', 'Kumbalagodu'),
(26, 'siddhanth', 'das', 'sid@gmail.com', '8777852961', '8777852961', 'durganagar', 'dum dum'),
(29, 'ajsdhabs', 'jskbdfkhbas', 'kab@gmail.com', '8777852961', '1234567890', 'gsvadjgvajd', 'ajsgdvajhsv');

--
-- Triggers `user_info`
--
DELIMITER $$
CREATE TRIGGER `after_user_info_insert` AFTER INSERT ON `user_info` FOR EACH ROW BEGIN 
INSERT INTO user_info_backup VALUES(new.user_id,new.first_name,new.last_name,new.email,new.password,new.mobile,new.address1,new.address2);
END
$$
DELIMITER ;

-- --------------------------------------------------------

--
-- Table structure for table `user_info_backup`
--

CREATE TABLE `user_info_backup` (
  `user_id` int(10) NOT NULL,
  `first_name` varchar(100) NOT NULL,
  `last_name` varchar(100) NOT NULL,
  `email` varchar(300) NOT NULL,
  `password` varchar(300) NOT NULL,
  `mobile` varchar(10) NOT NULL,
  `address1` varchar(300) NOT NULL,
  `address2` varchar(11) NOT NULL
) ENGINE=InnoDB DEFAULT CHARSET=latin1;

--
-- Dumping data for table `user_info_backup`
--

INSERT INTO `user_info_backup` (`user_id`, `first_name`, `last_name`, `email`, `password`, `mobile`, `address1`, `address2`) VALUES
(12, 'unknown', 'person', 'person@gmail.com', '123456', '9448121558', '123456789', 'kumbalagodu'),
(24, 'newuser', 'user', 'newuser@gmail.com', '123456', '9535688928', 'Bangalore', 'Kumbalagodu'),
(26, 'siddhanth', 'das', 'sid@gmail.com', '8777852961', '8777852961', 'durganagar', 'dum dum'),
(27, 'q', 'w', 'w@gmail.com', '12345678', '1234567890', 'kol', 'bangalore'),
(28, 'siddhanth', 'das', 'sidhudevil50@gmail.com', '8777852961', '8777852961', 'north dum dum', 'durganagar'),
(29, 'ajsdhabs', 'jskbdfkhbas', 'kab@gmail.com', '8777852961', '1234567890', 'gsvadjgvajd', 'ajsgdvajhsv'),
(30, 'siddhanth', 'das', 'sidhudevil50@gmail.com', '8777852961', '8777852961', 'north dum dum', 'durganagar');

--
-- Indexes for dumped tables
--

--
-- Indexes for table `admin_info`
--
ALTER TABLE `admin_info`
  ADD PRIMARY KEY (`admin_id`);

--
-- Indexes for table `brands`
--
ALTER TABLE `brands`
  ADD PRIMARY KEY (`brand_id`);

--
-- Indexes for table `cart`
--
ALTER TABLE `cart`
  ADD PRIMARY KEY (`id`);

--
-- Indexes for table `categories`
--
ALTER TABLE `categories`
  ADD PRIMARY KEY (`cat_id`);

--
-- Indexes for table `email_info`
--
ALTER TABLE `email_info`
  ADD PRIMARY KEY (`email_id`);

--
-- Indexes for table `orders_info`
--
ALTER TABLE `orders_info`
  ADD PRIMARY KEY (`order_id`),
  ADD KEY `user_id` (`user_id`);

--
-- Indexes for table `order_products`
--
ALTER TABLE `order_products`
  ADD PRIMARY KEY (`order_pro_id`),
  ADD KEY `order_products` (`order_id`),
  ADD KEY `product_id` (`product_id`);

--
-- Indexes for table `products`
--
ALTER TABLE `products`
  ADD PRIMARY KEY (`product_id`);

--
-- Indexes for table `user_info`
--
ALTER TABLE `user_info`
  ADD PRIMARY KEY (`user_id`);

--
-- Indexes for table `user_info_backup`
--
ALTER TABLE `user_info_backup`
  ADD PRIMARY KEY (`user_id`);

--
-- AUTO_INCREMENT for dumped tables
--

--
-- AUTO_INCREMENT for table `admin_info`
--
ALTER TABLE `admin_info`
  MODIFY `admin_id` int(10) NOT NULL AUTO_INCREMENT, AUTO_INCREMENT=3;

--
-- AUTO_INCREMENT for table `brands`
--
ALTER TABLE `brands`
  MODIFY `brand_id` int(100) NOT NULL AUTO_INCREMENT, AUTO_INCREMENT=7;

--
-- AUTO_INCREMENT for table `cart`
--
ALTER TABLE `cart`
  MODIFY `id` int(10) NOT NULL AUTO_INCREMENT, AUTO_INCREMENT=162;

--
-- AUTO_INCREMENT for table `categories`
--
ALTER TABLE `categories`
  MODIFY `cat_id` int(100) NOT NULL AUTO_INCREMENT, AUTO_INCREMENT=8;

--
-- AUTO_INCREMENT for table `email_info`
--
ALTER TABLE `email_info`
  MODIFY `email_id` int(100) NOT NULL AUTO_INCREMENT, AUTO_INCREMENT=7;

--
-- AUTO_INCREMENT for table `orders_info`
--
ALTER TABLE `orders_info`
  MODIFY `order_id` int(10) NOT NULL AUTO_INCREMENT, AUTO_INCREMENT=16;

--
-- AUTO_INCREMENT for table `order_products`
--
ALTER TABLE `order_products`
  MODIFY `order_pro_id` int(10) NOT NULL AUTO_INCREMENT, AUTO_INCREMENT=106;

--
-- AUTO_INCREMENT for table `products`
--
ALTER TABLE `products`
  MODIFY `product_id` int(100) NOT NULL AUTO_INCREMENT, AUTO_INCREMENT=88;

--
-- AUTO_INCREMENT for table `user_info`
--
ALTER TABLE `user_info`
  MODIFY `user_id` int(10) NOT NULL AUTO_INCREMENT, AUTO_INCREMENT=31;

--
-- AUTO_INCREMENT for table `user_info_backup`
--
ALTER TABLE `user_info_backup`
  MODIFY `user_id` int(10) NOT NULL AUTO_INCREMENT, AUTO_INCREMENT=31;

--
-- Constraints for dumped tables
--

--
-- Constraints for table `orders_info`
--
ALTER TABLE `orders_info`
  ADD CONSTRAINT `user_id` FOREIGN KEY (`user_id`) REFERENCES `user_info` (`user_id`);

--
-- Constraints for table `order_products`
--
ALTER TABLE `order_products`
  ADD CONSTRAINT `order_products` FOREIGN KEY (`order_id`) REFERENCES `orders_info` (`order_id`) ON DELETE NO ACTION ON UPDATE CASCADE,
  ADD CONSTRAINT `product_id` FOREIGN KEY (`product_id`) REFERENCES `products` (`product_id`);
COMMIT;

/*!40101 SET CHARACTER_SET_CLIENT=@OLD_CHARACTER_SET_CLIENT */;
/*!40101 SET CHARACTER_SET_RESULTS=@OLD_CHARACTER_SET_RESULTS */;
/*!40101 SET COLLATION_CONNECTION=@OLD_COLLATION_CONNECTION */;
